retriever,Total_Runs,Total_Cost,Total_Input_Tokens,Total_Output_Tokens,Total_Latency_Sec,Avg_Cost_Per_Run,Avg_Input_Tokens_Per_Run,Avg_Output_Tokens_Per_Run,Avg_Latency_Sec,context_recall,llm_context_precision_without_reference,llm_context_precision_with_reference,non_llm_context_precision_with_reference,context_entity_recall,noise_sensitivity_relevant,faithfulness,faithful_rate
naive_retrieval_chain,10,0.24317564999999997,659319,240463,0,0.024317564999999996,65931.9,24046.3,0,0.7945238095238095,0.9181966490199119,0.7773170193882379,0.3928968253753234,0.3207692301322288,0.22364672364672364,0.8080401753653579,1.0
bm25_retrieval_chain,10,0.1508562,392780,153232,0,0.01508562,39278.0,15323.2,0,0.8228571428571427,0.9138888888612036,0.6833333333116667,0.41388888885675923,0.4344871777708432,0.3793096597444424,0.8706874011555363,1.0
contextual_compression_retrieval_chain,10,0.11196165,280371,116510,0,0.011196165,28037.1,11651.0,0,0.6395238095238096,0.9833333332991666,0.7333333333041667,0.5083333332970834,0.4494871776422321,0.4062352395411606,0.782676282051282,1.0
multi_query_retrieval_chain,10,0.25477275,805097,223347,0,0.025477275,80509.7,22334.7,0,0.8445238095238095,0.9083917273117088,0.8504872819957294,0.3595105241788098,0.42448717782973205,0.45454545454545453,0.8967551076374605,1.0
parent_document_retrieval_chain,10,0.1453407,365018,150980,0,0.01453407,36501.8,15098.0,0,0.8061904761904761,0.9333333333058332,0.8583333333054165,0.2555555555371759,0.44512820342973036,0.3173166331439169,0.8835227272727273,1.0
ensemble_retrieval_chain,10,0.2835927,1023190,216857,0,0.02835927,102319.0,21685.7,0,0.8514285714285714,0.8898896260450118,0.7677237443969886,0.3931096819660255,0.4743589724152901,0.0,0.8915108388878881,1.0
